ts,used_mib,total_mib,util_pct
1790882847,0,15360,0
1790882850,0,15360,0
1790882852,3,15360,0
1790882854,3,15360,0
1790882856,3,15360,0
1790882858,3,15360,0
1790882860,3,15360,0
1790882862,3,15360,0
1790882864,3,15360,0
1790882866,3,15360,0
1790882868,5447,15360,0
1790882870,5471,15360,13
1790882872,5485,15360,11
1790882874,5501,15360,14
1790882876,5515,15360,5
1790882878,5525,15360,9
1790882881,5537,15360,11
1790882883,5551,15360,16
1790882885,5561,15360,14
1790882887,7649,15360,22
1790882889,7791,15360,0
1790882891,10055,15360,87
1790882893,13023,15360,100
1790882895,14349,15360,88
1790882897,8529,15360,86
1790882899,13375,15360,98
1790882901,13447,15360,93
1790882903,14817,15360,100
1790882905,14815,15360,0
